date,cost_per_genome_usd
2001-09-30,95263071.92
2002-03-31,70175437.42
2002-09-30,61448421.5
2003-03-31,53751684.08
2003-10-31,40157554.23
2004-01-31,28780376.21
2004-04-30,20442576.14
2004-07-31,19934345.74
2004-10-31,18519312.16
2005-01-31,17534969.56
2005-04-30,16159699.44
2005-07-31,16180224.1
2005-10-31,13801124.19
2006-01-31,12585658.9
2006-04-30,11732534.52
2006-07-31,11455315.22
2006-10-31,10474556.36
2007-01-31,9408738.91
2007-04-30,9047002.97
2007-07-31,8927342.14
2007-10-31,7147571.39
2008-01-31,3063819.99
2008-04-30,1352982.23
2008-07-31,752079.9
2008-10-31,342502.06
2009-01-31,232735.44
2009-04-30,154713.6
2009-07-31,108065.14
2009-10-31,70333.33
2010-01-31,46774.27
2010-04-30,31512.04
2010-07-31,31124.96
2010-10-31,29091.73
2011-01-31,20962.78
2011-04-30,16712.01
2011-07-31,10496.93
2011-10-30,7743.44
2012-01-31,7666.22
2012-04-30,5901.29
2012-07-31,5984.72
2012-10-31,6618.35
2013-01-31,5671.35
2013-04-30,5550.26
2013-07-31,5550.26
2013-10-31,5096.08
2014-01-31,4008.11
2014-04-30,4920.5
2014-07-31,4904.85
2014-10-31,5730.89
2015-01-31,3969.84
2015-04-30,4210.79
2015-07-31,1363.24
2015-10-31,1245.31
2016-05-31,1175.74
2016-08-31,1507.77
2016-11-30,1355.79
2017-02-28,1015.38
2017-05-31,1333.4
2017-08-31,1133.96
2017-11-30,1844.08
2018-02-28,1232.28
2018-05-31,1463.13
2018-08-31,1467.28
2018-11-30,1391.68
2019-02-28,993.14
2019-05-01,606.32
2019-08-01,942.15
2019-11-30,695.37
2020-02-28,644.62
2020-05-31,701.56
2020-08-31,688.57
2020-11-30,511.97
2021-02-28,850.84
2021-05-31,454.05
2021-08-31,562.18
2021-11-30,552.2
2022-02-28,524.62
2022-05-31,524.62
